day;inoculum;treatment;photo;cond;ci;stablef;tair;tleaf
06/06/2023;AB1;Control;0,48;0,008;283,74;1;30,22;31,86
06/06/2023;AB1;Control;0,91;0,0075;188,55;1;30,23;31,88
06/06/2023;AB1;Control;0,63;0,0053;190,88;1;30,2;31,63
06/06/2023;AB1;Control;1,56;0,0133;192,68;1;30,16;31,57
06/06/2023;AB1;Control;3,02;0,0249;183,5;1;30,14;31,53
06/06/2023;AB1;Ridomil;3,51;0,0324;204,44;1;30,15;31,04
06/06/2023;AB1;Ridomil;1,16;0,0123;229,84;1;30,18;31,03
06/06/2023;AB1;Ridomil;0,78;0,0071;204,98;1;30,24;31,78
06/06/2023;AB1;Kalex;2,28;0,0186;182,41;1;30,26;31,49
06/06/2023;AB1;Kalex;3,82;0,0389;217,76;1;30,28;31,48
06/06/2023;AB1;Kalex;0,95;0,0095;219,72;0,67;30,32;31,76
06/06/2023;AB1;Kalex;1,69;0,0091;85,14;1;30,33;31,8
06/06/2023;AB1;Kalex;1,07;0,0094;196,79;0,67;30,36;31,84
06/06/2023;AB1;Kalex;1,6;0,0096;116,99;1;30,37;31,84
06/06/2023;AB1;BV;1,92;0,0174;202,29;1;30,37;31,93
06/06/2023;AB1;BV;1,06;0,014;258,14;1;30,36;31,91
06/06/2023;AB1;BV;0,82;0,0074;205,22;1;30,37;31,8
06/06/2023;AB1;F35;5,22;0,04;164,19;1;30,37;31,42
06/06/2023;AB1;F35;1,39;0,0146;226,88;1;30,32;31,52
06/06/2023;AB1;F35;1,57;0,0146;208,12;0,67;30,29;31,56
06/06/2023;AB1;F35;1,36;0,0119;198,24;1;30,31;31,62
06/06/2023;AB1;BV+F35;0,82;0,015;291,09;1;30,25;31,63
06/06/2023;AB1;BV+F35;1,39;0,0088;127,81;1;30,32;31,86
06/06/2023;AB1;BV+F35;1,56;0,0094;115,97;0,67;30,34;31,95
06/06/2023;AB1;BV+F35;1,61;0,0091;100,68;1;30,35;31,97
06/06/2023;AB21;Control;2,98;0,0193;132,27;1;30,37;31,69
06/06/2023;AB21;Control;2,54;0,0069;-198,35;1;30,4;31,99
06/06/2023;AB21;Control;3,29;0,0088;-207,54;1;30,43;31,77
06/06/2023;AB21;Control;0,44;0,0048;233,86;0,67;30,63;32,39
06/06/2023;AB21;Control;0,87;0,0046;82,38;1;30,71;32,26
06/06/2023;AB21;Ridomil;0,41;0,0055;260,61;1;30,66;31,89
06/06/2023;AB21;Ridomil;2,17;0,0205;210,42;1;30,68;31,83
06/06/2023;AB21;Ridomil;1,51;0,007;42,89;1;30,68;31,87
06/06/2023;AB21;Kalex;1,08;0,0096;202,88;1;30,66;31,68
06/06/2023;AB21;Kalex;0,52;0,0175;332,31;0,67;30,64;31,84
06/06/2023;AB21;Kalex;1,24;0,016;257,09;0,67;30,64;31,84
06/06/2023;AB21;Kalex;3,67;0,0454;246,03;0,67;30,65;31,37
06/06/2023;AB21;BV+F35;3,08;0,0403;253,15;1;30,65;31,55
06/06/2023;AB21;BV+F35;0,99;0,0081;186,07;0,67;30,74;32,07
06/06/2023;AB21;BV+F35;0,11;0,0086;359,63;0,67;30,73;32,06
06/06/2023;AB21;BV+F35;1,3;0,0147;237,92;1;30,69;31,81
06/06/2023;AB21;BV+F35;1,67;0,0144;195,2;1;30,69;31,81
06/06/2023;AB21;F35;2,12;0,0107;65,41;0,67;30,57;31,78
06/06/2023;AB21;F35;-0,01;0,0098;381,45;1;30,56;31,79
06/06/2023;AB21;F35;1,85;0,0131;156,5;1;30,49;31,64
06/06/2023;AB21;F35;3,07;0,0284;204,63;0,67;30,43;31,32
06/06/2023;AB21;BV;2,63;0,0429;278,48;1;30,37;31,16
06/06/2023;AB21;BV;3,16;0,0481;271,21;1;30,35;31,09
06/06/2023;AB21;BV;1,03;0,0163;278,9;1;30,32;31,43
06/06/2023;NI;Control;4,62;0,0559;242,55;0,67;30,24;30,57
06/06/2023;NI;Control;4,98;0,0485;211,05;1;30,24;30,71
06/06/2023;NI;Control;1,02;0,0152;272,63;0,67;30,23;31,4
06/06/2023;NI;Control;0,88;0,0154;290,27;1;30,26;31,19
06/06/2023;NI;Ridomil;3,7;0,043;238,44;1;30,28;31,05
06/06/2023;NI;Ridomil;0,72;0,0147;301,95;1;30,34;31,63
06/06/2023;NI;Ridomil;3,83;0,0353;202,69;1;30,32;31,19
06/06/2023;NI;Kalex;2,69;0,0408;271,5;1;30,33;31,3
06/06/2023;NI;Kalex;0,75;0,012;280,42;1;30,39;31,6
06/06/2023;NI;Kalex;0,87;0,0141;281,03;1;30,41;31,79
06/06/2023;NI;BV;3,51;0,0324;203,64;1;30,17;31,19
06/06/2023;NI;BV;4,59;0,0428;203,22;1;30,18;31,13
06/06/2023;NI;BV;1,54;0,0324;302,57;1;30,2;31,22
06/06/2023;NI;BV;1,13;0,0069;120,15;0,67;30,31;31,87
06/06/2023;NI;F35;1;0,0115;240,54;1;30,36;31,96
06/06/2023;NI;F35;1,78;0,013;161,64;1;30,41;31,68
06/06/2023;NI;F35;4,81;0,038;171,65;1;30,41;31,55
06/06/2023;NI;BV+F35;3,73;0,0387;221,46;1;30,41;31,22
06/06/2023;NI;BV+F35;5,12;0,0455;194,03;1;30,42;31,1
06/06/2023;NI;BV+F35;5,81;0,0623;223,42;1;30,44;30,91
27/06/2023;NI;Control;2,01;0,0252;248,85;1;27,53;29,19
27/06/2023;NI;Control;2,3;0,0188;184,34;1;28,07;29,66
27/06/2023;NI;Control;1,4;0,0099;154,47;0,67;28,55;30,21
27/06/2023;NI;Control;2,1;0,0088;1,57;1;28,64;30,31
27/06/2023;NI;Ridomil;1,99;0,0187;206,56;1;28,88;30,59
27/06/2023;NI;Ridomil;1,12;0,025;305,69;1;29,03;30,43
27/06/2023;NI;Ridomil;1,62;0,0143;197,25;0,67;29,49;31,03
27/06/2023;NI;Ridomil;1,32;0,0135;221,88;1;29,5;31,06
27/06/2023;NI;Kalex;1,66;0,0162;213,06;1;29,87;31,22
27/06/2023;NI;Kalex;1,5;0,0126;186,91;1;30,35;32,01
27/06/2023;NI;Kalex;1,3;0,013;216,35;1;30,63;32,02
27/06/2023;NI;BV+F35;0,01;0,0059;371,7;0,67;30,97;32,69
27/06/2023;NI;BV+F35;-0,04;0,0059;384,12;0,67;30,97;32,69
27/06/2023;NI;BV+F35;0,43;0,0056;253,93;1;31,11;32,76
27/06/2023;NI;BV+F35;1,17;0,0127;229,4;1;31,14;32,33
27/06/2023;NI;BV+F35;0,21;0,0136;349,5;1;31,09;32,48
27/06/2023;NI;F35;2,66;0,027;216,05;1;30,93;32,03
27/06/2023;NI;F35;1,53;0,0168;230,41;1;30,85;31,95
27/06/2023;NI;F35;4,56;0,0557;238,39;1;30,81;31,75
27/06/2023;NI;BV;1,26;0,0129;219,76;0,67;30,73;32,49
27/06/2023;NI;BV;0,32;0,0134;335,36;1;30,73;32,5
27/06/2023;NI;BV;1,79;0,0239;254,91;1;30,66;31,76
27/06/2023;NI;BV;0,95;0,0112;240,82;1;30,58;32,47
27/06/2023;AB21;Control;4,62;0,0293;120,57;1;30,64;32,05
27/06/2023;AB21;Control;3,77;0,0392;217,68;1;30,64;31,9
27/06/2023;AB21;Control;4,87;0,0327;133,96;0,67;30,6;32,05
27/06/2023;AB21;Ridomil;4,89;0,0309;119,8;1;30,68;31,41
27/06/2023;AB21;Ridomil;5,68;0,0401;143,11;0,67;30,68;31,81
27/06/2023;AB21;Ridomil;1,82;0,0148;179,81;1;30,66;32,4
27/06/2023;AB21;Kalex;1,3;0,03;309,92;0,67;30,71;31,63
27/06/2023;AB21;Kalex;2,53;0,025;214,79;0,67;30,75;31,69
27/06/2023;AB21;Kalex;2,89;0,0225;169,49;1;30,85;32,28
27/06/2023;AB21;Kalex;6,24;0,04;119,57;0,67;31,1;32,55
27/06/2023;AB21;BV+F35;2,21;0,0215;212,39;1;31,3;32,92
27/06/2023;AB21;BV+F35;2,97;0,04;250,06;0,67;31,6;33
27/06/2023;AB21;BV+F35;4,62;0,0276;104,85;1;31,7;33,22
27/06/2023;AB21;BV+F35;4,29;0,0423;205,92;1;31,94;33,21
27/06/2023;AB21;F35;3,59;0,0316;187,48;0,67;32,36;33,98
27/06/2023;AB21;F35;4,77;0,0224;31,52;0,67;32,49;34,19
27/06/2023;AB21;F35;3,2;0,0178;87,1;0,67;32,57;34,06
27/06/2023;AB21;F35;2,2;0,0151;142,46;1;32,6;34,13
27/06/2023;AB21;F35;2,2;0,0183;180,42;0,67;32,66;34,19
27/06/2023;AB21;F35;4,4;0,0174;-26,51;1;32,67;34,19
27/06/2023;AB21;BV;2,7;0,0185;143,02;1;32,63;34,11
27/06/2023;AB21;BV;3,05;0,0238;167,52;1;32,6;34,38
27/06/2023;AB21;BV;1,83;0,0275;265,42;1;32,47;33,87
27/06/2023;AB1;BV;1,17;0,0224;289,46;1;32,3;33,62
27/06/2023;AB1;BV;0,33;0,021;348,75;1;32,27;33,61
27/06/2023;AB1;BV;2,78;0,0258;198,81;1;32,22;33,84
27/06/2023;AB1;F35;3,88;0,0296;162,82;1;32,27;33,65
27/06/2023;AB1;F35;2,35;0,0249;222,42;0,67;32,38;34,07
27/06/2023;AB1;F35;1,68;0,0187;230,67;1;32,43;34,19
27/06/2023;AB1;F35;4;0,0209;68,89;1;32,71;34,66
27/06/2023;AB1;BV+F35;1,56;0,0145;201,14;1;33,23;34,54
27/06/2023;AB1;BV+F35;4,43;0,0397;189,47;1;33,37;34,7
27/06/2023;AB1;BV+F35;4,24;0,0312;152,04;1;33,45;34,88
27/06/2023;AB1;Control;2,56;0,0154;109,56;1;33,54;35,06
27/06/2023;AB1;Control;3,91;0,0247;119,18;1;33,61;34,85
27/06/2023;AB1;Control;1,1;0,0428;334,21;1;33,49;32,93
27/06/2023;AB1;Ridomil;1,19;0,0104;193,3;1;33,38;34,94
27/06/2023;AB1;Ridomil;3,09;0,0168;81,02;1;33,3;34,67
27/06/2023;AB1;Ridomil;2,33;0,0122;72,2;1;33,32;34,9
27/06/2023;AB1;Kalex;2,63;0,0198;161,01;1;33,37;35,03
27/06/2023;AB1;Kalex;4,67;0,0418;190,84;1;33,35;33,77
27/06/2023;AB1;Kalex;4,37;0,0303;142,03;1;33,23;34,24
13/07/2023;NI;Control;6,08;0,0783;246,57;1;29,79;29,99
13/07/2023;NI;Control;4,74;0,0112;-289,1;1;29,95;31,31
13/07/2023;NI;Control;1,53;0,0107;151,96;0,67;29,96;31,31
13/07/2023;NI;Control;0,98;0,0223;308,35;0,67;30,05;31,49
13/07/2023;NI;Control;2,01;0,016;180,06;0,67;30,06;31,57
13/07/2023;NI;Ridomil;2,68;0,043;277,95;1;30,08;31,02
13/07/2023;NI;Ridomil;2,85;0,016;96,99;1;30,11;31,5
13/07/2023;NI;Ridomil;1,54;0,0153;217,69;0,67;30,12;31,54
13/07/2023;NI;Ridomil;1,19;0,0109;205,68;1;30,14;31,6
13/07/2023;NI;Ridomil;1,24;0,0214;285,58;1;30,16;31,35
13/07/2023;NI;Kalex;5,34;0,0413;166,34;1;30,37;31,52
13/07/2023;NI;Kalex;4,14;0,0215;70,26;0,67;30,52;31,81
13/07/2023;NI;Kalex;3,25;0,0465;261,88;1;30,57;31,39
13/07/2023;NI;BV+F35;2,01;0,0284;262,7;0,67;30,72;31,61
13/07/2023;NI;BV+F35;2,22;0,0202;201,83;1;30,72;31,74
13/07/2023;NI;BV+F35;1,64;0,0288;284,75;1;30,71;32,01
13/07/2023;NI;BV+F35;2,97;0,0298;215,91;1;30,75;31,71
13/07/2023;NI;F35;4,71;0,0421;194,38;1;30,83;31,78
13/07/2023;NI;F35;1,15;0,0197;282,72;1;30,94;32,31
13/07/2023;NI;F35;4,54;0,0694;266,98;1;30,94;31,21
13/07/2023;NI;F35;3,4;0,0289;186,83;1;30,96;32,08
13/07/2023;NI;BV;2,59;0,0276;227,04;1;30,99;31,66
13/07/2023;NI;BV;5,79;0,0577;209,18;1;30,97;31,71
13/07/2023;NI;BV;4,75;0,0568;237,4;1;30,98;31,79
13/07/2023;AB21;Control;12,02;0,1359;213,82;1;31,06;31,19
13/07/2023;AB21;Control;13,25;0,1769;232,73;1;31,04;30,87
13/07/2023;AB21;Control;9,9;0,093;190,52;0,67;31,05;31,57
13/07/2023;AB21;Control;10,33;0,0904;177,04;0,67;31,06;31,63
13/07/2023;AB21;Ridomil;2,91;0,0542;288,31;1;31,03;31,98
13/07/2023;AB21;Ridomil;2,26;0,0326;264,58;1;31,08;32,11
13/07/2023;AB21;Ridomil;3,77;0,0582;268,97;1;31,09;31,98
13/07/2023;AB21;Kalex;11,94;0,1;164,99;1;31,08;31,72
13/07/2023;AB21;Kalex;8,29;0,0784;195,64;1;31,05;31,08
13/07/2023;AB21;Kalex;11,73;0,1266;208,05;1;31,05;31,22
13/07/2023;AB21;BV+F35;15,19;0,173;208,03;1;31,01;30,97
13/07/2023;AB21;BV+F35;8,49;0,0988;224,95;0,67;30,97;31,41
13/07/2023;AB21;BV+F35;5,64;0,0391;140,47;1;30,83;32,12
13/07/2023;AB21;BV+F35;12,19;0,1226;196,41;1;30,76;31,02
13/07/2023;AB21;F35;16,77;0,1622;180,41;1;30,68;30,64
13/07/2023;AB21;F35;8,36;0,0936;220,56;1;30,68;31,2
13/07/2023;AB21;F35;10,18;0,0979;193,85;1;30,67;31,24
13/07/2023;AB21;BV;11,95;0,1087;180,25;1;30,63;31,22
13/07/2023;AB21;BV;6,7;0,0331;47,62;1;30,71;32,04
13/07/2023;AB21;BV;10,22;0,0932;184,91;1;30,72;31,18
13/07/2023;AB1;BV+F35;6,51;0,0791;235,43;1;30,72;31,36
13/07/2023;AB1;BV+F35;3,77;0,0278;159,87;1;30,78;31,38
13/07/2023;AB1;BV+F35;9,31;0,0515;75,76;1;30,78;31,99
13/07/2023;AB1;F35;8,52;0,0827;198,08;1;30,74;31,21
13/07/2023;AB1;F35;12,78;0,1177;181,34;1;30,66;30,76
13/07/2023;AB1;F35;7,07;0,0533;155,2;0,67;30,66;31,27
13/07/2023;AB1;F35;6,22;0,0446;146,69;1;30,63;31,33
13/07/2023;AB1;BV;8,85;0,0772;180,13;1;30,44;31,03
13/07/2023;AB1;BV;9,05;0,0798;181,9;1;30,46;30,96
13/07/2023;AB1;BV;2,27;0,0142;123,33;1;30,49;31,91
13/07/2023;AB1;Control;10,29;0,1071;196,33;1;30,54;31,14
13/07/2023;AB1;Control;10,31;0,1306;213,89;0,67;30,6;30,81
13/07/2023;AB1;Control;8,54;0,0622;144,5;1;31,09;32,07
13/07/2023;AB1;Control;8,81;0,0872;201,02;1;31,06;31,72
13/07/2023;AB1;Ridomil;9,29;0,0976;209,46;1;31,07;31,67
13/07/2023;AB1;Ridomil;4,48;0,0352;170,68;1;30,96;31,92
13/07/2023;AB1;Ridomil;2,22;0,0284;251,28;1;30,92;32,36
13/07/2023;AB1;Kalex;5,73;0,0406;144,51;1;31,08;32,29
13/07/2023;AB1;Kalex;10,11;0,074;142,21;1;31,17;31,89
13/07/2023;AB1;Kalex;5,39;0,0345;122,89;1;31,24;31,87
25/07/2023;AB1;Ridomil;3,48;0,0235;137,71;1;30,34;32,24
25/07/2023;AB1;Ridomil;0,68;0,0102;268,75;1;30,68;32,86
25/07/2023;AB1;Ridomil;5,59;0,034;111,23;1;30,82;32,3
25/07/2023;AB1;Control;5,88;0,0395;129,89;1;30,77;32,03
25/07/2023;AB1;Control;3,89;0,0311;172,51;0,67;30,76;31,96
25/07/2023;AB1;Control;3,91;0,0306;168,41;1;30,76;31,97
25/07/2023;AB1;Control;2,33;0,028;242,18;1;30,71;31,41
25/07/2023;AB1;F35;7,76;0,0441;85,87;0,67;30,66;31,66
25/07/2023;AB1;F35;3,33;0,0117;-72,6;0,67;30,63;32,28
25/07/2023;AB1;F35;5,87;0,0118;-404,92;0,67;30,63;32,27
25/07/2023;AB1;F35;0,84;0,0117;261,31;0,67;30,62;32,29
25/07/2023;AB1;F35;3,45;0,0101;-160,13;0,67;30,63;32,33
25/07/2023;AB1;F35;3,09;0,0109;-72,95;1;30,64;32,35
25/07/2023;AB1;F35;7,38;0,0408;78,15;1;30,7;31,92
25/07/2023;AB1;BV+F35;1,85;0,0093;64,9;1;30,75;32,18
25/07/2023;AB1;BV+F35;4,03;0,0168;-4,8;1;30,71;32,33
25/07/2023;AB1;BV+F35;1,62;0,0169;223,69;1;30,66;32,05
25/07/2023;AB1;Kalex;0,06;0,0058;360,5;1;30,68;32,57
25/07/2023;AB1;Kalex;3,08;0,023;161,98;1;30,75;32,21
25/07/2023;AB1;Kalex;3,63;0,0232;125,68;0,67;30,78;32,33
25/07/2023;AB1;BV;1,33;0,0077;107,13;1;30,85;31,78
25/07/2023;AB1;BV;2,29;0,0253;229,47;1;30,95;32,46
25/07/2023;AB1;BV;4,04;0,0174;6,81;0,67;31,03;32,53
25/07/2023;AB21;BV+F35;1,43;0,0112;172,91;1;31,18;32,93
25/07/2023;AB21;BV+F35;9,58;0,0592;103,65;0,67;31,07;31,95
25/07/2023;AB21;BV+F35;2,08;0,0158;168,5;1;30,73;31,78
25/07/2023;AB21;BV;2,16;0,0264;244,58;1;30,74;32,33
25/07/2023;AB21;BV;3,14;0,0179;96,78;1;30,81;32,41
25/07/2023;AB21;BV;1,46;0,0291;295,76;1;30,85;32,19
25/07/2023;AB21;Ridomil;0,41;0,027;352,01;1;31,07;32,32
25/07/2023;AB21;Ridomil;0,88;0,0202;306,5;1;31,21;32,83
25/07/2023;AB21;Ridomil;1,96;0,0319;276,4;1;31,24;32,24
25/07/2023;AB21;Control;2,77;0,0141;63,09;1;31,46;33,18
25/07/2023;AB21;Control;3,75;0,0326;188,43;1;31,56;32,77
25/07/2023;AB21;Control;2,01;0,0137;142,37;1;31,63;33,18
25/07/2023;AB21;Kalex;6,19;0,0403;121,96;1;32,09;33,28
25/07/2023;AB21;Kalex;3,33;0,0143;6,54;1;32,48;34
25/07/2023;AB21;Kalex;1,82;0,0104;96,16;1;32,85;34,46
25/07/2023;AB21;F35;5,03;0,0204;-20,38;1;33,23;34,5
25/07/2023;AB21;F35;2,08;0,0158;163,83;1;33,39;33,99
25/07/2023;AB21;F35;4,23;0,0156;-55,1;1;33,46;34,62
25/07/2023;NI;BV+F35;3,89;0,0138;-73,19;1;33,66;34,84
25/07/2023;NI;BV+F35;4,7;0,0282;104,09;1;33,79;34,62
25/07/2023;NI;BV+F35;3,08;0,0114;-52,92;1;34,04;35,19
25/07/2023;NI;BV;3,04;0,012;-26,09;1;34,01;35,07
25/07/2023;NI;BV;4,04;0,0156;-37,46;0,67;33,88;34,98
25/07/2023;NI;BV;2,23;0,0135;112,6;0,67;33,49;34,66
25/07/2023;NI;BV;2,15;0,012;89,32;1;33,47;34,67
25/07/2023;NI;BV;0,34;0,0117;326,72;1;33,25;34,42
25/07/2023;NI;F35;1,09;0,0118;226,9;0,67;33,18;34,31
25/07/2023;NI;F35;1,1;0,0111;217,23;1;33,19;34,35
25/07/2023;NI;F35;0,9;0,0078;191,69;0,67;33,3;34,79
25/07/2023;NI;F35;1,09;0,0075;144,18;1;33,31;34,81
25/07/2023;NI;F35;1,63;0,0177;226,97;1;32,97;34,18
25/07/2023;NI;Control;2,37;0,0236;213,16;1;32,81;33,76
25/07/2023;NI;Control;0,99;0,0077;170,91;1;32,72;33,81
25/07/2023;NI;Control;3,33;0,0303;196,21;1;32,86;33,87
25/07/2023;NI;Ridomil;2,88;0,028;208,19;1;33,14;34,23
25/07/2023;NI;Ridomil;2,88;0,0249;188,27;1;33,2;34,19
25/07/2023;NI;Ridomil;3,86;0,0156;-16,98;1;33,13;34,1
25/07/2023;NI;Ridomil;4,1;0,0341;178,61;1;33,04;33,8
25/07/2023;NI;Ridomil;4;0,0337;180,97;1;33,04;33,8
25/07/2023;NI;Kalex;2,42;0,0178;158,53;1;32,89;33,56
25/07/2023;NI;Kalex;2,4;0,0178;159,95;1;32,89;33,56
25/07/2023;NI;Kalex;4,44;0,0289;126,26;1;32,77;33,94
25/07/2023;NI;Kalex;2,44;0,0105;7,26;1;32,69;33,89
08/08/2023;AB1;Control;4,53;0,0341;162,82;0,67;24,69;25,58
08/08/2023;AB1;Control;6,45;0,036;88,17;1;24,69;25,63
08/08/2023;AB1;Control;5,67;0,0139;-271,73;0,67;24,87;26,16
08/08/2023;AB1;Control;2,95;0,0229;175,96;1;25,03;25,41
08/08/2023;AB1;Ridomil;1,71;0,0173;221,91;0,67;25,15;26,99
08/08/2023;AB1;Ridomil;1,79;0,0186;224,98;1;25,19;27,05
08/08/2023;AB1;Ridomil;0,36;0,0084;313,85;0,67;25,29;27,07
08/08/2023;AB1;Ridomil;3,73;0,0241;128,95;0,67;25,58;26,85
08/08/2023;AB1;Ridomil;1,48;0,0201;259,96;1;25,6;26,96
08/08/2023;AB1;Kalex;3,7;0,0273;161,05;1;25,64;26,57
08/08/2023;AB1;Kalex;3,98;0,0221;89,68;1;25,74;27,06
08/08/2023;AB1;BV+F35;3,04;0,0145;46,62;0,67;25,98;27,81
08/08/2023;AB1;BV+F35;2,01;0,0122;118,58;0,67;25,99;27,84
08/08/2023;AB1;BV+F35;6,7;0,0445;131,42;1;26,05;27,25
08/08/2023;AB1;BV+F35;7,22;0,0393;76,55;1;26,15;27,57
08/08/2023;AB1;F35;8,52;0,0553;121,86;0,67;26,19;27,35
08/08/2023;AB1;F35;12,62;0,0817;109,52;1;26,33;26,85
08/08/2023;AB1;F35;3,79;0,0283;161,51;1;26,69;28,29
08/08/2023;AB1;BV;4,33;0,0171;-26,55;1;27,09;28,42
08/08/2023;AB1;BV;7,63;0,0396;61,55;1;27,25;28,14
08/08/2023;AB1;BV;3,96;0,0197;56,77;1;27,58;29,13
08/08/2023;NI;Control;1,69;0,021;249,25;1;28,07;29,34
08/08/2023;NI;Control;1,52;0,0186;246,6;1;28,44;29,92
08/08/2023;NI;Control;3,08;0,0239;170,01;1;28,44;29,77
08/08/2023;NI;Ridomil;1,46;0,0261;286,8;1;28,35;29,37
08/08/2023;NI;Ridomil;0,56;0,0212;335,54;1;28,17;29,32
08/08/2023;NI;Ridomil;2,98;0,0328;229,97;1;28,18;29,37
08/08/2023;NI;Kalex;0,88;0,0141;280,04;1;28,18;28,99
08/08/2023;NI;Kalex;1,13;0,0213;292,61;1;28,22;29,59
08/08/2023;NI;Kalex;2,54;0,024;206,85;0,67;28,21;29,43
08/08/2023;NI;Kalex;2,82;0,0228;179,24;1;28,2;29,46
08/08/2023;NI;BV+F35;4,28;0,0275;125,72;0,67;28,26;29,42
08/08/2023;NI;BV+F35;4,64;0,0261;91,42;1;28,27;29,49
08/08/2023;NI;BV+F35;0,22;0,0204;360,86;1;28,33;28,98
08/08/2023;NI;BV+F35;1,88;0,013;149,14;1;28,34;29,77
08/08/2023;NI;F35;2,23;0,0144;131,98;1;28,38;29,85
08/08/2023;NI;F35;3,18;0,0157;55,89;1;28,41;29,79
08/08/2023;NI;F35;2,21;0,0115;73,67;1;28,42;30,05
08/08/2023;NI;BV;2,69;0,0189;149,58;1;28,31;29,53
08/08/2023;NI;BV;3,78;0,022;102,29;1;28,32;29,64
08/08/2023;NI;BV;3;0,0192;127,83;1;28,34;29,57
08/08/2023;AB21;Kalex;6,27;0,0244;-37,62;0,67;28,43;29,97
08/08/2023;AB21;Kalex;4,64;0,0226;47,25;1;28,37;30
08/08/2023;AB21;Kalex;6,44;0,027;-7,82;1;28,38;29,49
08/08/2023;AB21;Ridomil;1,92;0,0262;259,94;1;28,38;29,53
08/08/2023;AB21;Ridomil;1,59;0,0191;245,09;1;28,4;29,82
08/08/2023;AB21;Ridomil;0,38;0,0288;357,96;1;28,39;28,81
08/08/2023;AB21;Control;5,37;0,0223;-11,37;1;28,51;30
08/08/2023;AB21;Control;3,92;0,0212;80,83;1;28,52;29,7
08/08/2023;AB21;Control;5,54;0,0333;104,63;1;28,57;29,91
08/08/2023;AB21;BV;3,66;0,0242;133,33;1;28,68;30,22
08/08/2023;AB21;BV;3,33;0,0239;152,33;1;28,7;30,23
08/08/2023;AB21;BV;6,11;0,0316;62,51;1;28,65;29,97
08/08/2023;AB21;F35;4,39;0,0217;51,47;1;28,66;30,33
08/08/2023;AB21;F35;7,93;0,0467;95,03;1;28,71;29,93
08/08/2023;AB21;F35;6,37;0,0295;25,47;1;28,76;30,06
08/08/2023;AB21;BV+F35;3,39;0,0177;71,04;1;28,98;30,65
08/08/2023;AB21;BV+F35;2,42;0,0322;253,98;1;28,99;30,35
08/08/2023;AB21;BV+F35;7,5;0,0555;150,67;1;29,03;29,87
30/08/2023;AB1;Kalex;1,13;0,0318;324,21;1;24,13;25,17
30/08/2023;AB1;Kalex;4,25;0,0324;166,88;0,67;24,22;25,58
30/08/2023;AB1;Kalex;3,21;0,0189;110,35;0,67;24,16;25,78
30/08/2023;AB1;Ridomil;2,48;0,0325;254,91;0,67;24,36;25,78
30/08/2023;AB1;Ridomil;3,47;0,0277;178,99;0,67;24,35;25,78
30/08/2023;AB1;Ridomil;1,38;0,0337;314,15;0,67;24,36;25,75
30/08/2023;AB1;Control;1,67;0,0304;291,3;1;24,38;25,82
30/08/2023;AB1;Control;8,54;0,0679;164,71;0,67;24,48;25,49
30/08/2023;AB1;Control;2,16;0,0358;281,91;1;24,78;26,38
30/08/2023;AB1;BV;4,43;0,0523;238,35;0,67;24,94;26,23
30/08/2023;AB1;BV;4,39;0,037;186,2;1;24,98;26,46
30/08/2023;AB1;BV;4,07;0,0311;166,39;1;25,03;26,54
30/08/2023;AB1;F35;5,18;0,0451;188,76;1;24,99;26,16
30/08/2023;AB1;F35;6,56;0,0426;125,75;1;24,94;26,48
30/08/2023;AB1;F35;6,69;0,0696;216,45;1;24,9;25,91
30/08/2023;AB1;BV+F35;7,64;0,0586;161,21;1;24,79;25,71
30/08/2023;AB1;BV+F35;2,35;0,0467;297,59;1;24,75;26,09
30/08/2023;AB1;BV+F35;5,96;0,0395;132,19;0,67;24,74;26,07
30/08/2023;NI;Control;1,56;0,0304;298,75;1;24,76;24,64
30/08/2023;NI;Control;0,87;0,0296;335,5;1;24,65;24,6
30/08/2023;NI;Control;1,25;0,0231;295,93;1;24,6;24,53
30/08/2023;NI;Ridomil;0,24;0,052;376,38;1;24,55;24,51
30/08/2023;NI;Ridomil;1,86;0,0602;331,62;1;24,56;24,47
30/08/2023;NI;Ridomil;0,28;0,0585;375,79;1;24,54;24,5
30/08/2023;NI;Kalex;2;0,0315;279,77;1;24,54;24,49
30/08/2023;NI;Kalex;1,88;0,0511;321,4;1;24,5;24,46
30/08/2023;NI;Kalex;1,12;0,0075;146,58;1;24,35;24,31
30/08/2023;NI;BV;2,1;0,0153;164,54;1;24,54;24,5
30/08/2023;NI;BV;2,92;0,0283;214,64;1;24,65;24,62
30/08/2023;NI;BV;2,41;0,0354;271,43;1;24,65;24,6
30/08/2023;NI;F35;1,75;0,0179;225,7;1;24,76;24,72
30/08/2023;NI;F35;2,27;0,0207;206,52;1;24,82;24,79
30/08/2023;NI;F35;1,98;0,0286;269,79;1;24,86;24,84
30/08/2023;NI;BV+F35;0,53;0,0139;321,81;1;24,94;24,89
30/08/2023;NI;BV+F35;2,41;0,0345;268,33;1;25,01;25
30/08/2023;NI;BV+F35;1,76;0,0264;274,54;1;25,13;25,08
30/08/2023;AB21;Control;3,56;0,0439;247,7;1;25,16;25,14
30/08/2023;AB21;Control;8,26;0,0538;123,85;1;25,16;25,16
30/08/2023;AB21;Control;5,44;0,0493;197,46;1;25,2;25,2
30/08/2023;AB21;Ridomil;2,12;0,0395;293,7;1;25,28;25,29
30/08/2023;AB21;Ridomil;2,1;0,0204;216,73;1;25,26;25,28
30/08/2023;AB21;Ridomil;4,28;0,0604;261,75;1;25,24;25,25
30/08/2023;AB21;Kalex;10,54;0,0658;106,61;1;25,24;25,27
30/08/2023;AB21;Kalex;7,62;0,0596;164,39;1;25,27;25,31
30/08/2023;AB21;Kalex;10,28;0,0734;139,42;1;25,34;25,38
30/08/2023;AB21;BV+F35;7,6;0,048;116,72;1;25,46;25,49
30/08/2023;AB21;BV+F35;3,95;0,053;256,42;1;25,4;25,44
30/08/2023;AB21;BV+F35;1,68;0,0177;229,92;1;25,4;25,45
30/08/2023;AB21;F35;6,01;0,0359;105,97;0,67;25,36;25,42
30/08/2023;AB21;F35;1,57;0,0195;253,3;1;25,39;25,45
30/08/2023;AB21;F35;7,43;0,0505;133,76;1;25,47;25,52
30/08/2023;AB21;BV;4,33;0,0424;212,64;1;25,51;25,58
30/08/2023;AB21;BV;11,08;0,0829;146,87;1;25,57;25,64
30/08/2023;AB21;BV;1,29;0,0164;255,7;1;25,61;25,68
21/09/2023;AB21;BV+F35;0,84;0,0094;237,61;1;27,48;27,44
21/09/2023;AB21;BV+F35;2,99;0,0074;-258,59;0,67;27,67;27,62
21/09/2023;AB21;BV+F35;2,93;0,0073;-252,49;0,67;27,67;27,62
21/09/2023;AB21;BV+F35;3,41;0,0082;-272,76;0,67;27,75;27,71
21/09/2023;AB21;BV+F35;1,61;0,007;20,68;0,67;27,75;27,71
21/09/2023;AB21;F35;1,67;0,0061;-46,49;0,67;27,79;27,77
21/09/2023;AB21;F35;3,13;0,0067;-359,4;1;27,79;27,76
21/09/2023;AB21;F35;3,15;0,0091;-164,89;1;27,98;27,96
21/09/2023;AB21;F35;0,76;0,0057;167,77;0,67;28,1;28,07
21/09/2023;AB21;BV;0,36;0,0066;295,29;1;28,09;28,07
21/09/2023;AB21;BV;-0,57;0,0083;487,41;0,67;28,16;28,14
21/09/2023;AB21;Control;-0,11;0,0059;409,34;0,67;28,2;28,17
21/09/2023;AB21;Control;1,07;0,0111;226,73;1;28,34;28,29
21/09/2023;AB21;Kalex;3,07;0,0181;108,76;0,67;28,82;28,83
21/09/2023;AB21;Kalex;3,89;0,0187;47,18;1;28,92;28,93
21/09/2023;NI;Control;0,21;0,008;338,19;1;29,1;29,12
21/09/2023;NI;Control;0,38;0,0112;324,74;1;29,09;29,09
21/09/2023;NI;Ridomil;0,75;0,0291;337,22;1;28,95;28,96
21/09/2023;NI;Ridomil;0,95;0,0436;343,51;0,67;28,86;28,9
21/09/2023;NI;Kalex;-0,48;0,0076;479,1;1;28,83;28,88
21/09/2023;NI;Kalex;-1,41;0,0131;550,06;0,67;28,93;28,97
21/09/2023;NI;BV;2,87;0,0175;116,91;1;29,13;29,15
21/09/2023;NI;BV;1,78;0,0306;284,31;0,67;29,17;29,2
21/09/2023;NI;F35;2,52;0,0581;306,61;1;29,22;29,26
21/09/2023;NI;F35;2,82;0,0397;262,33;1;29,27;29,31
21/09/2023;NI;BV+F35;1,96;0,0381;294,45;1;29,27;29,31
21/09/2023;NI;BV+F35;1,14;0,0442;336,22;1;29,29;29,34
21/09/2023;AB1;BV;0,18;0,0081;342,83;1;29,42;29,46
21/09/2023;AB1;BV;0,3;0,0058;297,1;1;29,46;29,49
21/09/2023;AB1;F35;0,1;0,0086;360,05;1;29,5;29,56
21/09/2023;AB1;F35;1,5;0,0132;199,57;1;29,53;29,56
21/09/2023;AB1;BV+F35;-0,21;0,0063;429,56;1;29,45;29,51
21/09/2023;AB1;BV+F35;-0,2;0,0079;418,83;1;29,53;29,59
21/09/2023;AB1;Kalex;0,28;0,0094;330,13;0,67;29,67;29,73
21/09/2023;AB1;Kalex;0,21;0,0092;341,64;1;29,73;29,79
21/09/2023;AB1;Kalex;0,19;0,0108;350,35;1;29,81;29,9
21/09/2023;AB1;Ridomil;0,62;0,0068;234,67;1;30,07;30,16
21/09/2023;AB1;Ridomil;0,56;0,0065;241,29;1;30,24;30,32
21/09/2023;AB1;Control;1,02;0,0201;295,72;0,67;30,32;30,4
21/09/2023;AB1;Control;3,7;0,0277;162,25;1;30,36;30,45
